,World Bank Indebtedness Classifications,,,,,,,,,,,,,,,,
,(presented in Global Development Finance),,,,,,,,,,,,,,,,
,"As of April 2006, the World Bank no longer classifies countries by indebtedness level.",,,,,,,,,,,,,,,,
,,,,,,,,,,,,,,,,,
,Severely indebted (SIN),,,,,,,,,,,,,,,,
,Moderately indebted (MIN),,,,,,,,,,,,,,,,
,Less indebted (LIN),,,,,,,,,,,,,,,,
,Not classified by indebtedness (NIN),,,,,,,,,,,,,,,,
,,,,,,,,,,,,,,,,,
,Year:,1990,1991,1992,1993,1994,1995,1996,1997,1998,1999,2000,2001,2002,2003,2004,2005
,,,,,,,,,,,,,,,,,
AFG,Afghanistan,NIN,NIN,NIN,NIN,NIN,SIN,SIN,SIN,SIN,SIN,SIN,SIN,SIN,SIN,NIN,NIN
ALB,Albania,..,..,NIN,NIN,SIN,MIN,MIN,LIN,LIN,LIN,LIN,LIN,LIN,LIN,LIN,LIN
DZA,Algeria,MIN,MIN,SIN,SIN,SIN,MIN,SIN,MIN,SIN,MIN,MIN,MIN,MIN,LIN,LIN,LIN
ASM,American Samoa,NIN,NIN,NIN,NIN,NIN,NIN,NIN,NIN,NIN,NIN,NIN,NIN,NIN,NIN,NIN,NIN
AND,Andorra,..,..,NIN,NIN,NIN,NIN,NIN,NIN,NIN,NIN,NIN,NIN,NIN,NIN,NIN,NIN
AGO,Angola,NIN,NIN,MIN,SIN,SIN,SIN,SIN,SIN,SIN,SIN,SIN,SIN,SIN,SIN,SIN,SIN
ATG,Antigua and Barbuda,NIN,NIN,NIN,NIN,NIN,LIN,LIN,LIN,LIN,LIN,LIN,LIN,LIN,NIN,NIN,NIN
ARG,Argentina,SIN,SIN,SIN,SIN,SIN,SIN,SIN,SIN,SIN,SIN,SIN,SIN,SIN,SIN,SIN,SIN
ARM,Armenia,..,..,..,..,LIN,LIN,LIN,LIN,LIN,LIN,LIN,MIN,LIN,LIN,LIN,LIN
ABW,Aruba,NIN,NIN,NIN,NIN,NIN,NIN,NIN,NIN,NIN,NIN,NIN,NIN,NIN,NIN,NIN,NIN
AUS,Australia,NIN,NIN,NIN,NIN,NIN,NIN,NIN,NIN,NIN,NIN,NIN,NIN,NIN,NIN,NIN,NIN
AUT,Austria,NIN,NIN,NIN,NIN,NIN,NIN,NIN,NIN,NIN,NIN,NIN,NIN,NIN,NIN,NIN,NIN
AZE,Azerbaijan,..,..,..,..,NIN,LIN,LIN,LIN,LIN,LIN,LIN,LIN,LIN,LIN,LIN,LIN
BHS,"Bahamas, The",LIN,NIN,NIN,NIN,NIN,NIN,NIN,NIN,NIN,NIN,NIN,NIN,NIN,NIN,NIN,NIN
BHR,Bahrain,NIN,NIN,NIN,NIN,NIN,LIN,LIN,LIN,LIN,LIN,LIN,LIN,LIN,NIN,NIN,NIN
BGD,Bangladesh,MIN,MIN,MIN,MIN,MIN,MIN,MIN,MIN,MIN,MIN,MIN,MIN,LIN,LIN,LIN,LIN
BRB,Barbados,LIN,NIN,NIN,LIN,LIN,LIN,LIN,LIN,LIN,LIN,LIN,LIN,NIN,NIN,NIN,LIN
BLR,Belarus,..,..,..,..,LIN,LIN,LIN,LIN,LIN,LIN,LIN,LIN,LIN,LIN,LIN,LIN
BEL,Belgium,NIN,NIN,NIN,NIN,NIN,NIN,NIN,NIN,NIN,NIN,NIN,NIN,NIN,NIN,NIN,NIN
BLZ,Belize,LIN,LIN,LIN,LIN,LIN,LIN,LIN,LIN,LIN,MIN,MIN,MIN,MIN,SIN,SIN,SIN
BEN,Benin,SIN,SIN,MIN,MIN,LIN,MIN,MIN,MIN,MIN,MIN,MIN,SIN,SIN,SIN,MIN,MIN
BMU,Bermuda,NIN,NIN,NIN,NIN,NIN,NIN,NIN,NIN,NIN,NIN,NIN,NIN,NIN,NIN,NIN,NIN
BTN,Bhutan,LIN,LIN,LIN,LIN,LIN,LIN,LIN,LIN,LIN,LIN,LIN,LIN,LIN,MIN,SIN,SIN
BOL,Bolivia,SIN,SIN,SIN,SIN,SIN,SIN,SIN,SIN,SIN,SIN,SIN,SIN,MIN,MIN,LIN,MIN
BIH,Bosnia and Herzegovina,..,..,..,..,..,NIN,NIN,NIN,NIN,NIN,SIN,SIN,MIN,LIN,LIN,LIN
BWA,Botswana,LIN,LIN,LIN,LIN,LIN,LIN,LIN,LIN,LIN,LIN,LIN,LIN,LIN,LIN,LIN,LIN
BRA,Brazil,SIN,SIN,SIN,SIN,SIN,SIN,SIN,SIN,SIN,SIN,SIN,SIN,SIN,SIN,SIN,SIN
BRN,Brunei Darussalam,..,..,NIN,NIN,NIN,NIN,NIN,NIN,NIN,NIN,NIN,NIN,NIN,NIN,NIN,NIN
BGR,Bulgaria,NIN,NIN,SIN,SIN,SIN,SIN,SIN,SIN,SIN,SIN,SIN,SIN,MIN,MIN,MIN,SIN
BFA,Burkina Faso,LIN,LIN,LIN,LIN,LIN,LIN,LIN,MIN,SIN,SIN,SIN,MIN,MIN,SIN,MIN,MIN
BDI,Burundi,SIN,SIN,SIN,SIN,SIN,SIN,SIN,SIN,SIN,SIN,SIN,SIN,SIN,SIN,SIN,SIN
KHM,Cambodia,NIN,NIN,NIN,NIN,NIN,LIN,SIN,SIN,MIN,MIN,MIN,MIN,MIN,MIN,MIN,MIN
CMR,Cameroon,MIN,MIN,MIN,MIN,SIN,SIN,SIN,SIN,SIN,SIN,SIN,SIN,SIN,MIN,MIN,MIN
CAN,Canada,NIN,NIN,NIN,NIN,NIN,NIN,NIN,NIN,NIN,NIN,NIN,NIN,NIN,NIN,NIN,NIN
CPV,Cabo Verde,MIN,MIN,LIN,LIN,LIN,LIN,MIN,LIN,LIN,LIN,LIN,LIN,LIN,LIN,LIN,MIN
CYM,Cayman Islands,..,..,..,..,..,NIN,NIN,NIN,NIN,NIN,NIN,NIN,NIN,NIN,NIN,NIN
CAF,Central African Republic,MIN,MIN,MIN,MIN,SIN,SIN,SIN,SIN,SIN,SIN,SIN,SIN,SIN,SIN,SIN,SIN
TCD,Chad,LIN,LIN,LIN,LIN,LIN,MIN,MIN,MIN,MIN,MIN,MIN,MIN,SIN,SIN,SIN,SIN
CHI,Channel Islands,NIN,NIN,NIN,NIN,NIN,NIN,NIN,NIN,NIN,NIN,NIN,NIN,NIN,NIN,NIN,NIN
CHL,Chile,SIN,SIN,MIN,MIN,MIN,MIN,MIN,MIN,MIN,MIN,MIN,MIN,MIN,MIN,MIN,MIN
CHN,China,LIN,LIN,LIN,LIN,LIN,LIN,LIN,LIN,LIN,LIN,LIN,LIN,LIN,LIN,LIN,LIN
COL,Colombia,MIN,MIN,MIN,MIN,MIN,MIN,MIN,MIN,MIN,MIN,MIN,MIN,MIN,MIN,MIN,MIN
COM,Comoros,SIN,SIN,MIN,MIN,MIN,MIN,MIN,MIN,MIN,MIN,SIN,SIN,SIN,SIN,SIN,SIN
COD,"Congo, Dem. Rep.",SIN,SIN,SIN,SIN,SIN,SIN,SIN,SIN,SIN,SIN,SIN,SIN,SIN,SIN,SIN,SIN
COG,"Congo, Rep.",SIN,SIN,SIN,SIN,SIN,SIN,SIN,SIN,SIN,SIN,SIN,SIN,SIN,SIN,SIN,SIN
CRI,Costa Rica,SIN,SIN,MIN,MIN,MIN,MIN,LIN,LIN,LIN,LIN,LIN,LIN,LIN,LIN,LIN,LIN
CIV,Côte d'Ivoire,SIN,SIN,SIN,SIN,SIN,SIN,SIN,SIN,SIN,SIN,SIN,SIN,SIN,SIN,SIN,SIN
HRV,Croatia,..,..,..,..,NIN,LIN,LIN,LIN,LIN,LIN,LIN,LIN,MIN,MIN,MIN,SIN
CUB,Cuba,..,..,NIN,NIN,NIN,SIN,SIN,SIN,SIN,SIN,SIN,SIN,SIN,SIN,NIN,NIN
CYP,Cyprus,LIN,NIN,LIN,LIN,NIN,NIN,NIN,NIN,NIN,NIN,NIN,NIN,NIN,NIN,NIN,NIN
CZE,Czechia,..,..,..,..,..,LIN,LIN,LIN,LIN,LIN,LIN,LIN,LIN,LIN,LIN,LIN
DNK,Denmark,NIN,NIN,NIN,NIN,NIN,NIN,NIN,NIN,NIN,NIN,NIN,NIN,NIN,NIN,NIN,NIN
DJI,Djibouti,..,..,LIN,LIN,LIN,LIN,LIN,LIN,LIN,LIN,LIN,LIN,LIN,LIN,LIN,LIN
DMA,Dominica,NIN,NIN,LIN,LIN,LIN,LIN,LIN,LIN,LIN,MIN,LIN,LIN,LIN,MIN,SIN,SIN
DOM,Dominican Republic,MIN,MIN,MIN,MIN,MIN,MIN,MIN,LIN,LIN,LIN,LIN,LIN,LIN,LIN,LIN,LIN
ECU,Ecuador,SIN,SIN,SIN,SIN,SIN,SIN,SIN,SIN,SIN,SIN,SIN,MIN,SIN,SIN,SIN,SIN
EGY,"Egypt, Arab Rep.",MIN,SIN,SIN,SIN,SIN,MIN,MIN,MIN,LIN,LIN,LIN,LIN,LIN,LIN,LIN,LIN
SLV,El Salvador,LIN,LIN,MIN,LIN,LIN,LIN,LIN,LIN,LIN,LIN,LIN,LIN,LIN,LIN,LIN,MIN
GNQ,Equatorial Guinea,SIN,SIN,SIN,SIN,SIN,SIN,SIN,SIN,SIN,MIN,MIN,LIN,LIN,LIN,LIN,LIN
ERI,Eritrea,..,..,..,..,NIN,NIN,NIN,NIN,LIN,LIN,LIN,LIN,LIN,LIN,MIN,SIN
EST,Estonia,..,..,..,..,LIN,LIN,LIN,LIN,LIN,LIN,LIN,MIN,MIN,MIN,SIN,SIN
SWZ,Eswatini,LIN,LIN,LIN,LIN,LIN,LIN,LIN,LIN,LIN,LIN,LIN,LIN,LIN,LIN,LIN,LIN
ETH,Ethiopia,MIN,MIN,SIN,SIN,SIN,SIN,SIN,SIN,SIN,SIN,SIN,SIN,SIN,SIN,SIN,MIN
FRO,Faeroe Islands,NIN,NIN,NIN,NIN,NIN,NIN,NIN,NIN,NIN,NIN,NIN,NIN,NIN,NIN,NIN,NIN
FJI,Fiji,LIN,LIN,LIN,LIN,LIN,LIN,LIN,LIN,LIN,LIN,LIN,LIN,LIN,LIN,LIN,LIN
FIN,Finland,NIN,NIN,NIN,NIN,NIN,NIN,NIN,NIN,NIN,NIN,NIN,NIN,NIN,NIN,NIN,NIN
FRA,France,NIN,NIN,NIN,NIN,NIN,NIN,NIN,NIN,NIN,NIN,NIN,NIN,NIN,NIN,NIN,NIN
PYF,French Polynesia,..,..,NIN,NIN,NIN,NIN,NIN,NIN,NIN,NIN,NIN,NIN,NIN,NIN,NIN,NIN
GAB,Gabon,MIN,MIN,MIN,MIN,MIN,MIN,SIN,SIN,SIN,SIN,SIN,SIN,SIN,SIN,SIN,SIN
GMB,"Gambia, The",MIN,MIN,LIN,MIN,MIN,MIN,MIN,MIN,MIN,MIN,MIN,MIN,MIN,SIN,MIN,SIN
GEO,Georgia,..,..,..,..,LIN,LIN,LIN,LIN,MIN,MIN,MIN,MIN,LIN,LIN,MIN,LIN
DEU,Germany,NIN,NIN,NIN,NIN,NIN,NIN,NIN,NIN,NIN,NIN,NIN,NIN,NIN,NIN,NIN,NIN
GHA,Ghana,SIN,SIN,SIN,SIN,SIN,SIN,SIN,SIN,SIN,SIN,MIN,MIN,MIN,MIN,MIN,LIN
GRC,Greece,MIN,NIN,NIN,NIN,NIN,MIN,MIN,MIN,NIN,NIN,NIN,NIN,NIN,NIN,NIN,NIN
GRL,Greenland,NIN,NIN,NIN,NIN,NIN,NIN,NIN,NIN,NIN,NIN,NIN,NIN,NIN,NIN,NIN,NIN
GRD,Grenada,LIN,LIN,LIN,LIN,LIN,LIN,LIN,LIN,LIN,LIN,LIN,LIN,LIN,MIN,MIN,SIN
GUM,Guam,NIN,NIN,NIN,NIN,NIN,NIN,NIN,NIN,NIN,NIN,NIN,NIN,NIN,NIN,NIN,NIN
GTM,Guatemala,MIN,MIN,MIN,MIN,MIN,LIN,LIN,LIN,LIN,LIN,LIN,LIN,LIN,LIN,LIN,LIN
GIN,Guinea,SIN,SIN,SIN,MIN,MIN,SIN,SIN,SIN,SIN,SIN,SIN,SIN,SIN,SIN,MIN,SIN
GNB,Guinea-Bissau,SIN,SIN,SIN,SIN,SIN,SIN,SIN,SIN,SIN,SIN,SIN,SIN,SIN,SIN,SIN,SIN
GUY,Guyana,SIN,SIN,SIN,SIN,SIN,SIN,SIN,SIN,SIN,SIN,SIN,SIN,SIN,SIN,SIN,SIN
HTI,Haiti,LIN,LIN,LIN,MIN,LIN,LIN,MIN,MIN,SIN,SIN,MIN,MIN,MIN,MIN,LIN,LIN
HND,Honduras,SIN,SIN,SIN,SIN,SIN,SIN,SIN,SIN,SIN,SIN,MIN,MIN,MIN,MIN,MIN,MIN
HKG,"Hong Kong, China",NIN,NIN,NIN,NIN,NIN,NIN,NIN,NIN,NIN,NIN,NIN,NIN,NIN,NIN,NIN,NIN
HUN,Hungary,SIN,SIN,MIN,MIN,MIN,MIN,MIN,MIN,MIN,MIN,MIN,MIN,MIN,MIN,MIN,MIN
ISL,Iceland,NIN,NIN,NIN,NIN,NIN,NIN,NIN,NIN,NIN,NIN,NIN,NIN,NIN,NIN,NIN,NIN
IND,India,LIN,LIN,MIN,MIN,MIN,MIN,MIN,MIN,MIN,MIN,MIN,LIN,LIN,LIN,LIN,LIN
IDN,Indonesia,MIN,MIN,MIN,MIN,MIN,MIN,MIN,MIN,SIN,SIN,SIN,SIN,SIN,SIN,SIN,SIN
IRN,"Iran, Islamic Rep.",NIN,NIN,LIN,LIN,LIN,LIN,LIN,LIN,LIN,LIN,LIN,LIN,LIN,LIN,LIN,LIN
IRQ,Iraq,NIN,NIN,NIN,NIN,NIN,SIN,SIN,SIN,SIN,SIN,SIN,SIN,SIN,SIN,NIN,NIN
IRL,Ireland,NIN,NIN,NIN,NIN,NIN,NIN,NIN,NIN,NIN,NIN,NIN,NIN,NIN,NIN,NIN,NIN
IMN,Isle of Man,NIN,NIN,NIN,NIN,NIN,NIN,NIN,NIN,NIN,NIN,NIN,NIN,NIN,NIN,NIN,NIN
ISR,Israel,NIN,NIN,NIN,NIN,NIN,NIN,NIN,NIN,NIN,NIN,NIN,NIN,NIN,NIN,NIN,NIN
ITA,Italy,NIN,NIN,NIN,NIN,NIN,NIN,NIN,NIN,NIN,NIN,NIN,NIN,NIN,NIN,NIN,NIN
JAM,Jamaica,MIN,MIN,MIN,SIN,SIN,SIN,SIN,SIN,SIN,SIN,MIN,MIN,MIN,MIN,SIN,MIN
JPN,Japan,NIN,NIN,NIN,NIN,NIN,NIN,NIN,NIN,NIN,NIN,NIN,NIN,NIN,NIN,NIN,NIN
JOR,Jordan,LIN,LIN,MIN,SIN,SIN,SIN,SIN,SIN,SIN,SIN,SIN,SIN,SIN,SIN,SIN,SIN
KAZ,Kazakhstan,..,..,..,..,LIN,LIN,LIN,LIN,LIN,LIN,LIN,LIN,LIN,MIN,MIN,SIN
KEN,Kenya,SIN,SIN,SIN,SIN,SIN,SIN,SIN,SIN,MIN,MIN,MIN,MIN,MIN,MIN,MIN,MIN
KIR,Kiribati,NIN,NIN,NIN,NIN,NIN,LIN,LIN,LIN,LIN,LIN,LIN,LIN,LIN,LIN,NIN,NIN
PRK,"Korea, Dem. Rep.",..,..,NIN,NIN,NIN,LIN,LIN,LIN,LIN,LIN,LIN,LIN,LIN,LIN,NIN,NIN
KOR,"Korea, Rep.",LIN,LIN,LIN,LIN,LIN,LIN,LIN,NIN,NIN,NIN,LIN,LIN,LIN,NIN,NIN,NIN
KWT,Kuwait,NIN,NIN,NIN,NIN,NIN,NIN,NIN,NIN,NIN,NIN,NIN,NIN,NIN,NIN,NIN,NIN
KGZ,Kyrgyz Republic,..,..,..,..,LIN,LIN,LIN,LIN,LIN,LIN,MIN,SIN,SIN,SIN,SIN,SIN
LAO,Lao PDR,LIN,LIN,LIN,SIN,SIN,SIN,MIN,MIN,MIN,MIN,SIN,SIN,SIN,SIN,SIN,SIN
LVA,Latvia,..,..,..,..,LIN,LIN,LIN,LIN,LIN,LIN,LIN,LIN,LIN,MIN,SIN,SIN
LBN,Lebanon,LIN,LIN,LIN,LIN,LIN,LIN,LIN,LIN,LIN,LIN,MIN,MIN,MIN,SIN,SIN,SIN
LSO,Lesotho,LIN,LIN,LIN,LIN,LIN,LIN,LIN,LIN,LIN,LIN,LIN,LIN,LIN,LIN,LIN,LIN
LBR,Liberia,SIN,SIN,SIN,SIN,SIN,SIN,SIN,SIN,SIN,NIN,NIN,SIN,SIN,SIN,SIN,SIN
LBY,Libya,NIN,NIN,NIN,NIN,NIN,LIN,LIN,LIN,LIN,LIN,LIN,LIN,LIN,LIN,NIN,NIN
LIE,Liechtenstein,..,..,..,..,..,..,NIN,NIN,NIN,NIN,NIN,NIN,NIN,NIN,NIN,NIN
LTU,Lithuania,..,..,..,..,LIN,LIN,LIN,LIN,LIN,LIN,LIN,LIN,LIN,LIN,MIN,MIN
LUX,Luxembourg,NIN,NIN,NIN,NIN,NIN,NIN,NIN,NIN,NIN,NIN,NIN,NIN,NIN,NIN,NIN,NIN
MAC,"Macao, China",NIN,NIN,NIN,NIN,NIN,LIN,NIN,NIN,NIN,NIN,NIN,NIN,NIN,NIN,NIN,NIN
MDG,Madagascar,SIN,SIN,SIN,SIN,SIN,SIN,SIN,SIN,SIN,SIN,SIN,SIN,SIN,SIN,LIN,MIN
MWI,Malawi,SIN,SIN,SIN,MIN,MIN,MIN,MIN,SIN,SIN,SIN,SIN,SIN,SIN,SIN,MIN,SIN
MYS,Malaysia,LIN,LIN,LIN,LIN,LIN,LIN,LIN,LIN,MIN,MIN,MIN,MIN,MIN,MIN,MIN,MIN
MDV,Maldives,LIN,LIN,LIN,MIN,MIN,LIN,LIN,LIN,LIN,LIN,LIN,LIN,LIN,LIN,LIN,LIN
MLI,Mali,SIN,SIN,MIN,SIN,SIN,SIN,SIN,SIN,SIN,SIN,SIN,SIN,MIN,MIN,MIN,LIN
MLT,Malta,LIN,LIN,LIN,LIN,LIN,LIN,LIN,LIN,LIN,LIN,NIN,NIN,NIN,NIN,NIN,NIN
MHL,Marshall Islands,..,..,..,NIN,NIN,NIN,NIN,NIN,NIN,NIN,NIN,NIN,NIN,NIN,NIN,NIN
MRT,Mauritania,SIN,SIN,SIN,SIN,SIN,SIN,SIN,SIN,SIN,SIN,SIN,SIN,SIN,SIN,MIN,MIN
MUS,Mauritius,LIN,LIN,LIN,LIN,LIN,LIN,LIN,LIN,LIN,MIN,MIN,MIN,MIN,LIN,LIN,MIN
MYT,Mayotte,..,..,NIN,NIN,NIN,NIN,NIN,NIN,NIN,NIN,NIN,NIN,NIN,NIN,NIN,NIN
MEX,Mexico,SIN,SIN,SIN,SIN,SIN,MIN,SIN,SIN,MIN,LIN,LIN,LIN,LIN,LIN,LIN,LIN
FSM,"Micronesia, Fed. Sts.",..,..,..,NIN,NIN,NIN,NIN,NIN,NIN,NIN,NIN,NIN,NIN,NIN,NIN,NIN
MDA,Moldova,..,..,..,..,LIN,LIN,LIN,LIN,LIN,LIN,MIN,MIN,MIN,SIN,MIN,MIN
MCO,Monaco,..,..,..,..,..,..,NIN,NIN,NIN,NIN,NIN,NIN,NIN,NIN,NIN,NIN
MNG,Mongolia,NIN,NIN,NIN,NIN,LIN,LIN,LIN,LIN,LIN,LIN,MIN,MIN,MIN,MIN,MIN,MIN
MAR,Morocco,SIN,SIN,SIN,SIN,SIN,SIN,MIN,MIN,MIN,MIN,MIN,MIN,LIN,LIN,MIN,LIN
MOZ,Mozambique,SIN,SIN,SIN,SIN,SIN,SIN,SIN,SIN,SIN,SIN,SIN,MIN,MIN,LIN,LIN,LIN
MMR,Myanmar,SIN,SIN,SIN,SIN,SIN,SIN,SIN,SIN,SIN,SIN,SIN,SIN,SIN,SIN,SIN,SIN
NAM,Namibia,NIN,NIN,NIN,NIN,NIN,LIN,LIN,LIN,LIN,LIN,LIN,LIN,LIN,LIN,NIN,NIN
NPL,Nepal,LIN,LIN,LIN,MIN,MIN,MIN,MIN,LIN,LIN,LIN,LIN,LIN,LIN,LIN,MIN,LIN
NLD,Netherlands,NIN,NIN,NIN,NIN,NIN,NIN,NIN,NIN,NIN,NIN,NIN,NIN,NIN,NIN,NIN,NIN
ANT,Netherlands Antilles,NIN,NIN,NIN,NIN,NIN,LIN,NIN,NIN,NIN,NIN,NIN,NIN,NIN,NIN,NIN,NIN
NCL,New Caledonia,NIN,NIN,NIN,NIN,NIN,LIN,LIN,NIN,NIN,NIN,NIN,NIN,NIN,NIN,NIN,NIN
NZL,New Zealand,NIN,NIN,NIN,NIN,NIN,NIN,NIN,NIN,NIN,NIN,NIN,NIN,NIN,NIN,NIN,NIN
NIC,Nicaragua,SIN,SIN,SIN,SIN,SIN,SIN,SIN,SIN,SIN,SIN,SIN,SIN,SIN,SIN,SIN,LIN
NER,Niger,SIN,SIN,SIN,SIN,SIN,SIN,SIN,SIN,SIN,SIN,SIN,SIN,SIN,SIN,MIN,MIN
NGA,Nigeria,SIN,SIN,SIN,SIN,SIN,SIN,SIN,SIN,SIN,SIN,SIN,SIN,SIN,SIN,SIN,MIN
MKD,North Macedonia,..,..,..,..,..,LIN,LIN,MIN,MIN,MIN,MIN,LIN,LIN,LIN,LIN,LIN
MNP,Northern Mariana Islands,..,..,..,..,NIN,NIN,NIN,NIN,NIN,NIN,NIN,NIN,NIN,NIN,NIN,NIN
NOR,Norway,NIN,NIN,NIN,NIN,NIN,NIN,NIN,NIN,NIN,NIN,NIN,NIN,NIN,NIN,NIN,NIN
OMN,Oman,LIN,LIN,LIN,LIN,LIN,LIN,LIN,LIN,LIN,LIN,LIN,LIN,LIN,LIN,LIN,LIN
PAK,Pakistan,MIN,MIN,MIN,MIN,MIN,MIN,MIN,MIN,MIN,MIN,MIN,SIN,SIN,SIN,MIN,MIN
PLW,Palau,..,..,..,..,..,..,..,..,NIN,NIN,NIN,NIN,NIN,NIN,NIN,NIN
PAN,Panama,LIN,LIN,LIN,SIN,SIN,SIN,SIN,SIN,MIN,MIN,MIN,MIN,MIN,SIN,SIN,SIN
PNG,Papua New Guinea,LIN,LIN,LIN,MIN,MIN,MIN,MIN,MIN,LIN,LIN,MIN,MIN,MIN,MIN,SIN,MIN
PRY,Paraguay,MIN,MIN,LIN,LIN,LIN,LIN,LIN,LIN,LIN,LIN,LIN,LIN,LIN,LIN,LIN,MIN
PER,Peru,SIN,SIN,SIN,SIN,SIN,SIN,SIN,SIN,SIN,SIN,SIN,SIN,SIN,SIN,SIN,SIN
PHL,Philippines,SIN,SIN,MIN,MIN,MIN,MIN,MIN,MIN,MIN,MIN,MIN,MIN,MIN,MIN,MIN,MIN
POL,Poland,SIN,SIN,SIN,SIN,SIN,SIN,SIN,MIN,LIN,LIN,LIN,LIN,LIN,LIN,LIN,MIN
PRT,Portugal,LIN,LIN,LIN,LIN,LIN,LIN,NIN,NIN,NIN,NIN,NIN,NIN,NIN,NIN,NIN,NIN
PRI,Puerto Rico,NIN,NIN,NIN,NIN,NIN,NIN,NIN,NIN,NIN,NIN,NIN,NIN,NIN,NIN,NIN,NIN
QAT,Qatar,NIN,NIN,NIN,NIN,NIN,NIN,NIN,NIN,NIN,NIN,NIN,NIN,NIN,NIN,NIN,NIN
ROU,Romania,LIN,LIN,LIN,LIN,LIN,LIN,LIN,LIN,LIN,LIN,LIN,LIN,LIN,LIN,LIN,LIN
RUS,Russian Federation,..,..,..,..,MIN,MIN,MIN,MIN,LIN,LIN,MIN,MIN,MIN,MIN,MIN,MIN
RWA,Rwanda,LIN,LIN,MIN,MIN,SIN,SIN,SIN,SIN,SIN,SIN,SIN,SIN,SIN,SIN,SIN,SIN
WSM,Samoa,LIN,LIN,LIN,LIN,LIN,MIN,MIN,MIN,LIN,LIN,MIN,MIN,MIN,MIN,MIN,SIN
SMR,San Marino,..,..,..,NIN,NIN,NIN,..,..,..,..,..,..,NIN,NIN,NIN,NIN
STP,São Tomé and Príncipe,SIN,SIN,SIN,SIN,SIN,SIN,SIN,SIN,SIN,SIN,SIN,SIN,SIN,SIN,SIN,SIN
SAU,Saudi Arabia,NIN,NIN,NIN,NIN,NIN,LIN,LIN,LIN,LIN,LIN,LIN,LIN,LIN,LIN,NIN,NIN
SEN,Senegal,SIN,SIN,MIN,MIN,MIN,MIN,MIN,MIN,MIN,MIN,MIN,MIN,MIN,MIN,MIN,LIN
YUG,Serbia and Montenegro,..,..,..,..,..,LIN,LIN,NIN,NIN,NIN,LIN,LIN,LIN,SIN,SIN,SIN
SYC,Seychelles,LIN,LIN,LIN,LIN,LIN,LIN,LIN,LIN,LIN,LIN,LIN,LIN,LIN,LIN,LIN,SIN
SLE,Sierra Leone,SIN,SIN,SIN,SIN,SIN,SIN,SIN,SIN,SIN,SIN,SIN,SIN,SIN,SIN,SIN,SIN
SGP,Singapore,NIN,NIN,NIN,NIN,NIN,NIN,NIN,NIN,NIN,NIN,NIN,NIN,NIN,NIN,NIN,NIN
SVK,Slovak Republic,..,..,..,..,..,LIN,LIN,LIN,LIN,LIN,LIN,LIN,LIN,MIN,MIN,MIN
SVN,Slovenia,..,..,..,..,..,LIN,LIN,LIN,LIN,NIN,NIN,NIN,NIN,NIN,NIN,NIN
SLB,Solomon Islands,LIN,LIN,LIN,LIN,LIN,LIN,LIN,LIN,LIN,LIN,LIN,LIN,LIN,LIN,LIN,MIN
SOM,"Somalia, Fed. Rep.",SIN,SIN,SIN,SIN,SIN,SIN,SIN,SIN,SIN,SIN,SIN,SIN,SIN,SIN,SIN,SIN
ZAF,South Africa,NIN,NIN,NIN,NIN,NIN,LIN,LIN,LIN,LIN,LIN,LIN,LIN,LIN,LIN,LIN,LIN
ESP,Spain,NIN,NIN,NIN,NIN,NIN,NIN,NIN,NIN,NIN,NIN,NIN,NIN,NIN,NIN,NIN,NIN
LKA,Sri Lanka,MIN,MIN,MIN,MIN,LIN,LIN,LIN,LIN,LIN,LIN,LIN,LIN,LIN,LIN,MIN,MIN
KNA,St. Kitts and Nevis,NIN,NIN,LIN,LIN,LIN,LIN,LIN,LIN,LIN,LIN,LIN,LIN,LIN,MIN,MIN,SIN
LCA,St. Lucia,NIN,NIN,LIN,LIN,LIN,LIN,LIN,LIN,LIN,LIN,LIN,LIN,LIN,LIN,MIN,MIN
VCT,St. Vincent and the Grenadines,LIN,LIN,LIN,LIN,LIN,LIN,LIN,MIN,MIN,MIN,MIN,MIN,MIN,MIN,MIN,MIN
SDN,Sudan,SIN,SIN,SIN,SIN,SIN,SIN,SIN,SIN,SIN,SIN,SIN,SIN,SIN,SIN,SIN,SIN
SUR,Suriname,NIN,NIN,NIN,NIN,NIN,LIN,LIN,LIN,LIN,LIN,LIN,LIN,LIN,LIN,NIN,NIN
SWE,Sweden,NIN,NIN,NIN,NIN,NIN,NIN,NIN,NIN,NIN,NIN,NIN,NIN,NIN,NIN,NIN,NIN
CHE,Switzerland,NIN,NIN,NIN,NIN,NIN,NIN,NIN,NIN,NIN,NIN,NIN,NIN,NIN,NIN,NIN,NIN
SYR,Syrian Arab Republic,MIN,MIN,SIN,SIN,SIN,SIN,SIN,SIN,SIN,SIN,SIN,SIN,SIN,SIN,SIN,SIN
TWN,"Taiwan, China",NIN,NIN,NIN,NIN,NIN,NIN,NIN,NIN,NIN,NIN,NIN,NIN,NIN,NIN,NIN,NIN
TJK,Tajikistan,..,..,..,..,LIN,LIN,LIN,LIN,LIN,LIN,LIN,LIN,SIN,SIN,SIN,SIN
TZA,Tanzania,SIN,SIN,SIN,SIN,SIN,SIN,SIN,SIN,SIN,SIN,SIN,SIN,SIN,MIN,LIN,LIN
THA,Thailand,LIN,LIN,LIN,LIN,LIN,LIN,LIN,LIN,MIN,MIN,MIN,MIN,MIN,MIN,MIN,LIN
TLS,Timor-Leste,..,..,..,..,..,..,..,..,..,..,..,..,..,NIN,NIN,NIN
TGO,Togo,SIN,SIN,MIN,MIN,MIN,MIN,SIN,SIN,MIN,MIN,MIN,MIN,MIN,MIN,SIN,SIN
TON,Tonga,LIN,LIN,LIN,LIN,LIN,LIN,LIN,LIN,LIN,LIN,LIN,LIN,LIN,LIN,LIN,LIN
TTO,Trinidad and Tobago,LIN,LIN,LIN,LIN,LIN,LIN,LIN,MIN,LIN,LIN,LIN,LIN,LIN,LIN,LIN,LIN
TUN,Tunisia,LIN,LIN,LIN,MIN,MIN,MIN,MIN,MIN,MIN,MIN,MIN,MIN,MIN,MIN,MIN,MIN
TUR,Türkiye,MIN,MIN,MIN,MIN,MIN,MIN,MIN,MIN,MIN,MIN,MIN,MIN,MIN,MIN,SIN,SIN
TKM,Turkmenistan,..,..,..,..,NIN,LIN,LIN,LIN,LIN,LIN,MIN,MIN,MIN,MIN,MIN,MIN
UGA,Uganda,MIN,MIN,SIN,SIN,SIN,SIN,SIN,SIN,SIN,SIN,SIN,SIN,MIN,MIN,LIN,MIN
UKR,Ukraine,..,..,..,..,LIN,LIN,LIN,LIN,LIN,LIN,LIN,LIN,LIN,LIN,LIN,LIN
ARE,United Arab Emirates,NIN,NIN,NIN,NIN,NIN,NIN,NIN,NIN,NIN,NIN,NIN,NIN,NIN,NIN,NIN,NIN
GBR,United Kingdom,NIN,NIN,NIN,NIN,NIN,NIN,NIN,NIN,NIN,NIN,NIN,NIN,NIN,NIN,NIN,NIN
USA,United States,NIN,NIN,NIN,NIN,NIN,NIN,NIN,NIN,NIN,NIN,NIN,NIN,NIN,NIN,NIN,NIN
URY,Uruguay,SIN,SIN,MIN,MIN,MIN,SIN,MIN,MIN,MIN,MIN,MIN,MIN,MIN,SIN,SIN,SIN
UZB,Uzbekistan,..,..,..,..,LIN,LIN,LIN,LIN,LIN,LIN,LIN,NIN,MIN,MIN,MIN,MIN
VUT,Vanuatu,LIN,LIN,LIN,LIN,LIN,LIN,LIN,LIN,LIN,LIN,LIN,LIN,LIN,LIN,LIN,LIN
VEN,"Venezuela, RB",SIN,SIN,SIN,MIN,MIN,MIN,MIN,MIN,MIN,MIN,MIN,MIN,MIN,LIN,LIN,MIN
VNM,Viet Nam,NIN,NIN,NIN,NIN,NIN,SIN,SIN,SIN,SIN,SIN,SIN,MIN,LIN,LIN,LIN,LIN
VIR,Virgin Islands (U.S.),NIN,NIN,NIN,NIN,NIN,NIN,NIN,NIN,NIN,NIN,NIN,NIN,NIN,NIN,NIN,NIN
PSE,West Bank and Gaza,..,..,..,..,..,..,NIN,NIN,NIN,NIN,NIN,NIN,NIN,NIN,NIN,NIN
YEM,"Yemen, Rep.",MIN*,MIN*,MIN,MIN,MIN,SIN,SIN,SIN,SIN,MIN,MIN,MIN,MIN,LIN,LIN,LIN
ZMB,Zambia,SIN,SIN,SIN,SIN,SIN,SIN,SIN,SIN,SIN,SIN,SIN,SIN,SIN,SIN,SIN,SIN
ZWE,Zimbabwe,MIN,MIN,LIN,LIN,MIN,MIN,MIN,MIN,MIN,MIN,MIN,MIN,MIN,MIN,MIN,SIN
,,,,,,,,,,,,,,,,,
,"* At this time, there were Yemen, PDR (MIN) and Yemen, Arab Rep. (LIN); combined they would have been MIN.",,,,,,,,,,,,,,,,
,,,,,,,,,,,,,,,,,
CSK,Czechoslovakia (former),..,..,LIN,LIN,LINa,,,,,,,,,,,
GIB,Gibraltar,NIN,NIN,NIN,NIN,NIN,MIN,MIN,MIN,MIN,MIN,MIN,MIN,MIN,MIN,..,..
SUN,USSR (former),..,..,..,MINa,,,,,,,,,,,,
YUGf,Yugoslavia (former),MIN,MIN,LIN,LIN,LINa,,,,,,,,,,,
,,,,,,,,,,,,,,,,,
,a. Individual republics were not classified because of lack of data; data were published for the former country.,,,,,,,,,,,,,,,,
,,,,,,,,,,,,,,,,,
,Standard World Bank definitions of severe and moderate indebtedness are used to classify economies by levels of external debt. Severely indebted means either: present value,,,,,,,,,,,,,,,,
,of debt service to GNI exceeds 80 percent or present value of debt service to exports exceeds 220 percent. Moderately indebted means either of the two key ratios exceeds 60,,,,,,,,,,,,,,,,
,"percent of, but does not reach, the critical levels. For economies that do not report detailed debt statistics to the World Bank Debtor Reporting System (DRS), present-value",,,,,,,,,,,,,,,,
,"calculation is not possible. Instead, the following methodology is used to classify the non-DRS economies. Severely indebted means three of four key ratios (averaged over",,,,,,,,,,,,,,,,
,three years) are above critical levels: debt to GNI (50 percent); debt to exports (275 percent); debt service to exports (30 percent); and interest to exports (20 percent).,,,,,,,,,,,,,,,,
,"Moderately indebted means three of the four key ratios exceed 60 percent of, but do not reach, the critical levels. All other classified low-income and middle-income economies",,,,,,,,,,,,,,,,
,are listed as less indebted.,,,,,,,,,,,,,,,,
,,,,,,,,,,,,,,,,,
,"The present classification scheme began with World Debt Tables 1989-90. From 1987 to 1989 the following countries were considered to be ""highly indebted"": Argentina, ",,,,,,,,,,,,,,,,
,"Bolivia, Brazil, Chile, Colombia, Costa Rica, Côte d'Ivoire, Ecuador, Jamaica, Mexico, Morocco, Nigeria, Peru, Philippines, Uruguay, Venezuela, and Yugoslavia.",,,,,,,,,,,,,,,,
,World Debt Tables became Global Development Finance in 1997.,,,,,,,,,,,,,,,,
